{
  "pangyo": {
    "total_buildings": 375,
    "total_floor_area": 4753473.9847,
    "mean_far": 105.73793582933334,
    "entropy_index": 0.8445535238681519,
    "usage_ratios": {
      "기타": 0.04345577374881473,
      "상업/근생": 0.07712004239003656,
      "업무용": 0.43919108965771636,
      "연구/교육/의료": 0.19741910800827192,
      "주거용": 0.24281398619516045
    }
  },
  "cheongna": {
    "total_buildings": 1361,
    "total_floor_area": 4932277.1138,
    "mean_far": 102.27789410499632,
    "entropy_index": 0.6899068238764899,
    "usage_ratios": {
      "공업/지식산업": 0.015892083553190724,
      "기타": 0.051862105696434395,
      "상업/근생": 0.1282564237783926,
      "업무용": 0.14707241928285023,
      "연구/교육/의료": 0.05773048744631952,
      "주거용": 0.5991864802428125
    }
  }
}